Doe, John, 1982/10/08, john.doe@foobar.com
Ann, Mary, 1975/09/11, mary.ann@foobar.com
Doi, John, 1982/07/12, john.doi@foobar.com
Ani, Mary, 1975/07/12, mary.ani@foobar.com
Doe, Juhn, 1982/07/08, juhn.doe@foobar.com
Ann, Mare, 1975/02/11, mare.ann@foobar.com
Doe, Jon, 2016/02/29, john.doe@foobar.com
Ann, Miry, 2000/09/11, miry.ann@foobar.com
Doe, Jehn, 1982/10/08, jehn.doe@foobar.com
Ann, Mara, 2008/02/28, mara.ann@foobar.com